sample_name,position,section,parent_division
Roberto Villanueva,Chief Administrative Officer,,Information and Communication Division
Marissa Mendoza,Supervising Administrative Officer,,Information and Communication Division
Antonio Reyes,Administrative Officer V,RMPS,Information and Communication Division
Elena Bautista,Senior Administrative Assistant IV,RMPS,Information and Communication Division
Paolo Navarro,Administrative Officer III,RMPS,Information and Communication Division
Camille Flores,Administrative Assistant II,RMPS,Information and Communication Division
Rafael Garcia,Administrative Aide VI,RMPS,Information and Communication Division
Nina Castillo,Administrative Aide IV,RMPS,Information and Communication Division
Carlo Ramos,Administrative Aide II,RMPS,Information and Communication Division
Miguel Santiago,Administrative Officer V,ITTS,Information and Communication Division
Patricia Aquino,Senior Administrative Assistant IV,ITTS,Information and Communication Division
Gabriel Torres,Senior Administrative Assistant II (Computer Operator II),ITTS,Information and Communication Division
Andrea Mercado,Administrative Assistant IV (Videographer/Photographer III),ITTS,Information and Communication Division
Luis Fernandez,Administrative Assistant I (Videographer/Photographer II),ITTS,Information and Communication Division
Sofia Valdez,Administrative Assistant I (Audio-Visual Equipment Operator III),ITTS,Information and Communication Division
Daniel Lim,Administrative Assistant IV (Communication Equipment Operator III),ITTS,Information and Communication Division
Isabel Cruz,Administrative Assistant I (Computer Operator I),ITTS,Information and Communication Division
Marco Dizon,Administrative Aide IV,ITTS,Information and Communication Division
Bianca Santos,Administrative Aide II,ITTS,Information and Communication Division
